{
  "project_info": {
    "project_number": "949320765636",
    "firebase_url": "https://bancaonline-eb7a1.firebaseio.com",
    "project_id": "bancaonline-eb7a1",
    "storage_bucket": "bancaonline-eb7a1.appspot.com"
  },
  "client": [
    {
      "client_info": {
        "mobilesdk_app_id": "1:949320765636:android:63f3dbaa00da1e424ab991",
        "android_client_info": {
          "package_name": "com.alone.bancaonline"
        }
      },
      "oauth_client": [
        {
          "client_id": "949320765636-5elt19u68eppfhgiuaif0bi04e28rm44.apps.googleusercontent.com",
          "client_type": 3
        }
      ],
      "api_key": [
        {
          "current_key": "AIzaSyD63broJf5g4gyosd0l69hZAxx0PxALzGo"
        }
      ],
      "services": {
        "appinvite_service": {
          "other_platform_oauth_client": [
            {
              "client_id": "949320765636-5elt19u68eppfhgiuaif0bi04e28rm44.apps.googleusercontent.com",
              "client_type": 3
            }
          ]
        }
      }
    }
  ],
  "configuration_version": "1"
}